{
  "posts": [
    {
      "id": 1,
      "name": "Sneakers",
      "brand": "Puma",
      "model": "XX-259",
      "price": 4999,
      "madeIn": "Gurgaon",
      "discount": 5,
      "color": "Black",
      "image": "assets/Sneakers_Puma.jpeg"
    },
    {
      "id": 2,
      "name": "Jacket",
      "brand": "Zara",
      "model": "ZV-301",
      "price": 9999,
      "madeIn": "Bengaluru",
      "discount": 8,
      "color": "Beige",
      "image": "assets/Jacket_Zara.jpg"
    },
    {
      "id": 3,
      "name": "Sweatshirt",
      "brand": "H&M",
      "model": "MD-442",
      "price": 1349,
      "madeIn": "Kolkata",
      "discount": 0,
      "color": "Beige",
      "image": "assets/Sweatshirt_HM.webp"
    },
    {
      "id": 4,
      "name": "Football",
      "brand": "Adidas",
      "model": "SO-510",
      "price": 2899,
      "madeIn": "Vietnam",
      "discount": 12,
      "color": "White",
      "image": "assets/Football_Adidas.jpg"
    },
    {
      "id": 5,
      "name": "Jeans",
      "brand": "Levi's",
      "model": "IJ-256",
      "price": 3499,
      "madeIn": "Bangladesh",
      "discount": 0,
      "color": "Blue",
      "image": "assets/Jeans_Levis.jpg"
    },
    {
      "id": 6,
      "name": "Shirt",
      "brand": "Louis Vuitton",
      "model": "SD-825",
      "price": 14999,
      "madeIn": "Pakistan",
      "discount": 10,
      "color": "White",
      "image": "assets/Shirt_LouisVuitton.jpg"
    },
    {
      "id": 7,
      "name": "Bag",
      "brand": "Gucci",
      "model": "EF-355",
      "price": 18999,
      "madeIn": "Thailand",
      "discount": 0,
      "color": "Brown",
      "image": "assets/Bag_Gucci.jpg"
    },
    {
      "id": 8,
      "name": "Perfume",
      "brand": "Chanel",
      "model": "XI-249",
      "price": 8499,
      "madeIn": "USA",
      "discount": 2,
      "color": "Pink",
      "image": "assets/Perfume_Chanel.webp.crdownload"
    },
    {
      "id": 9,
      "name": "Watch",
      "brand": "Rolex",
      "model": "OM-823",
      "price": 35000,
      "madeIn": "Switzerland",
      "discount": 5,
      "color": "Silver",
      "image": "assets/Watch_Rolex.jpg"
    },
    {
      "id": 10,
      "name": "Banana",
      "brand": "FoodsCo",
      "model": "AM-249",
      "price": 8,
      "madeIn": "Mysuru",
      "discount": 0,
      "color": "Yellow",
      "image": "assets/Banana_FoodsCo.jpg"
    }
  ],
  "cart": []
}